{"root":[{"assemblyName":"Unity.2D.Animation.Runtime","nameSpace":"","className":"__JobReflectionRegistrationOutput__2314503252","methodName":"EarlyInit","loadTypes":2,"isUnityClass":true},{"assemblyName":"Unity.2D.Animation.Runtime","nameSpace":"","className":"$BurstDirectCallInitializer","methodName":"Initialize","loadTypes":2,"isUnityClass":true},{"assemblyName":"Unity.2D.SpriteShape.Runtime","nameSpace":"","className":"__JobReflectionRegistrationOutput__4053639683","methodName":"EarlyInit","loadTypes":2,"isUnityClass":true},{"assemblyName":"Unity.2D.SpriteShape.Runtime","nameSpace":"","className":"$BurstDirectCallInitializer","methodName":"Initialize","loadTypes":2,"isUnityClass":true},{"assemblyName":"Unity.Collections","nameSpace":"","className":"__JobReflectionRegistrationOutput__903118929","methodName":"EarlyInit","loadTypes":2,"isUnityClass":true},{"assemblyName":"Unity.Collections","nameSpace":"","className":"$BurstDirectCallInitializer","methodName":"Initialize","loadTypes":2,"isUnityClass":true},{"assemblyName":"Unity.Entities","nameSpace":"Unity.Entities","className":"DefaultWorldInitialization","methodName":"CleanupWorldBeforeSceneLoad","loadTypes":4,"isUnityClass":true},{"assemblyName":"Unity.Entities","nameSpace":"Unity.Entities.Content","className":"RuntimeContentManager","methodName":"RuntimeInitialization","loadTypes":4,"isUnityClass":true},{"assemblyName":"Unity.Entities","nameSpace":"Unity.Entities.Content","className":"RuntimeContentSystem","methodName":"RuntimeInitialize","loadTypes":0,"isUnityClass":true},{"assemblyName":"Unity.Entities","nameSpace":"","className":"__UnmanagedPostProcessorOutput__3550660327","methodName":"EarlyInit","loadTypes":2,"isUnityClass":true},{"assemblyName":"Unity.Entities","nameSpace":"","className":"__JobReflectionRegistrationOutput__3550660327","methodName":"EarlyInit","loadTypes":2,"isUnityClass":true},{"assemblyName":"Unity.Entities","nameSpace":"","className":"$BurstDirectCallInitializer","methodName":"Initialize","loadTypes":2,"isUnityClass":true},{"assemblyName":"Unity.Entities.Hybrid","nameSpace":"Unity.Entities","className":"AutomaticWorldBootstrap","methodName":"Initialize","loadTypes":1,"isUnityClass":true},{"assemblyName":"Unity.Entities.Hybrid","nameSpace":"Unity.Entities","className":"AttachToEntityClonerInjection","methodName":"Initialize","loadTypes":1,"isUnityClass":true},{"assemblyName":"Unity.Entities.Hybrid","nameSpace":"","className":"__JobReflectionRegistrationOutput__1357786432","methodName":"EarlyInit","loadTypes":2,"isUnityClass":true},{"assemblyName":"Unity.Entities.Hybrid","nameSpace":"","className":"$BurstDirectCallInitializer","methodName":"Initialize","loadTypes":2,"isUnityClass":true},{"assemblyName":"Unity.Mathematics.Extensions","nameSpace":"","className":"__JobReflectionRegistrationOutput__1991360957","methodName":"EarlyInit","loadTypes":2,"isUnityClass":true},{"assemblyName":"Unity.Physics","nameSpace":"","className":"__UnmanagedPostProcessorOutput__1508933328","methodName":"EarlyInit","loadTypes":2,"isUnityClass":true},{"assemblyName":"Unity.Physics","nameSpace":"","className":"__JobReflectionRegistrationOutput__1508933328","methodName":"EarlyInit","loadTypes":2,"isUnityClass":true},{"assemblyName":"Unity.Physics","nameSpace":"","className":"$BurstDirectCallInitializer","methodName":"Initialize","loadTypes":2,"isUnityClass":true},{"assemblyName":"Unity.Physics.Hybrid","nameSpace":"","className":"__UnmanagedPostProcessorOutput__782956698","methodName":"EarlyInit","loadTypes":2,"isUnityClass":true},{"assemblyName":"Unity.Physics.Hybrid","nameSpace":"","className":"__JobReflectionRegistrationOutput__782956698","methodName":"EarlyInit","loadTypes":2,"isUnityClass":true},{"assemblyName":"Unity.Physics.Hybrid","nameSpace":"","className":"$BurstDirectCallInitializer","methodName":"Initialize","loadTypes":2,"isUnityClass":true},{"assemblyName":"Unity.Scenes","nameSpace":"","className":"__UnmanagedPostProcessorOutput__3758680429","methodName":"EarlyInit","loadTypes":2,"isUnityClass":true},{"assemblyName":"Unity.Scenes","nameSpace":"","className":"__JobReflectionRegistrationOutput__3758680429","methodName":"EarlyInit","loadTypes":2,"isUnityClass":true},{"assemblyName":"Unity.Scenes","nameSpace":"","className":"$BurstDirectCallInitializer","methodName":"Initialize","loadTypes":2,"isUnityClass":true},{"assemblyName":"Unity.Serialization","nameSpace":"Unity.Serialization","className":"DefaultPropertyBagInitializer","methodName":"Initialize","loadTypes":0,"isUnityClass":true},{"assemblyName":"Unity.Serialization","nameSpace":"Unity.Serialization.Json","className":"JsonObject","methodName":"RegisterPropertyBag","loadTypes":4,"isUnityClass":true},{"assemblyName":"Unity.Serialization","nameSpace":"Unity.Serialization.Json","className":"JsonArray","methodName":"RegisterPropertyBag","loadTypes":4,"isUnityClass":true},{"assemblyName":"Unity.Serialization","nameSpace":"","className":"__JobReflectionRegistrationOutput__1552442603","methodName":"EarlyInit","loadTypes":2,"isUnityClass":true},{"assemblyName":"Unity.Transforms","nameSpace":"","className":"__UnmanagedPostProcessorOutput__1898298382","methodName":"EarlyInit","loadTypes":2,"isUnityClass":true},{"assemblyName":"Unity.Transforms","nameSpace":"","className":"__JobReflectionRegistrationOutput__1898298382","methodName":"EarlyInit","loadTypes":2,"isUnityClass":true},{"assemblyName":"Unity.Transforms","nameSpace":"","className":"$BurstDirectCallInitializer","methodName":"Initialize","loadTypes":2,"isUnityClass":true},{"assemblyName":"Unity.Transforms.Hybrid","nameSpace":"","className":"__JobReflectionRegistrationOutput__286073907","methodName":"EarlyInit","loadTypes":2,"isUnityClass":true},{"assemblyName":"Unity.Transforms.Hybrid","nameSpace":"","className":"$BurstDirectCallInitializer","methodName":"Initialize","loadTypes":2,"isUnityClass":true}]}
